{
  "model": {
    "type": "minecraft:condition",
    "on_true": {
      "type": "minecraft:composite",
      "models": [
        {
          "type": "minecraft:model",
          "model": "rgt:item/firework_rocket/firework_duration_1",
          "tints": [
            {
              "type": "minecraft:constant",
              "value": -1
            },
            {
              "type": "minecraft:firework",
              "default": 4278190080
            }
          ]
        },
        {
          "type": "minecraft:condition",
          "on_true": {
            "type": "minecraft:empty"
          },
          "on_false": {
            "type": "minecraft:model",
            "model":  "rgt:item/firework_rocket/firework_active_min"
          },
          "property": "minecraft:component",
          "predicate": "minecraft:fireworks",
          "value": {"explosions": {"size": 0}}
        }
      ]
    },
    "on_false": {
      "type": "minecraft:condition",
      "on_true": {
        "type": "minecraft:composite",
        "models": [
          {
            "type": "minecraft:model",
            "model":  "rgt:item/firework_rocket/firework_duration_2",
            "tints": [
              {
                "type": "minecraft:constant",
                "value": -1
              },
              {
                "type": "minecraft:firework",
                "default": 4278190080
              }
            ]
          },
          {
            "type": "minecraft:condition",
            "on_true": {
              "type": "minecraft:empty"
            },
            "on_false": {
              "type": "minecraft:model",
              "model":  "rgt:item/firework_rocket/firework_active_min"
            },
            "property": "minecraft:component",
            "predicate": "minecraft:fireworks",
            "value": {"explosions": {"size": 0}}
          }
        ]
      },
      "on_false": {
        "type": "minecraft:condition",
        "on_true": {
          "type": "minecraft:composite",
          "models": [
            {
              "type": "minecraft:model",
              "model":  "rgt:item/firework_rocket/firework_duration_3",
              "tints": [
                {
                  "type": "minecraft:constant",
                  "value": -1
                },
                {
                  "type": "minecraft:firework",
                  "default": 4278190080
                }
              ]
            },
            {
              "type": "minecraft:condition",
              "on_true": {
                "type": "minecraft:empty"
              },
              "on_false": {
                "type": "minecraft:model",
                "model":  "rgt:item/firework_rocket/firework_active_max"
              },
              "property": "minecraft:component",
              "predicate": "minecraft:fireworks",
              "value": {"explosions": {"size": 0}}
            }
          ]
        },
        "on_false": {
          "type": "minecraft:composite",
          "models": [
            {
              "type": "minecraft:model",
              "model":  "rgt:item/firework_rocket/firework_duration_max",
              "tints": [
                {
                  "type": "minecraft:constant",
                  "value": -1
                },
                {
                  "type": "minecraft:firework",
                  "default": -7697782
                }
              ]
            },
            {
              "type": "minecraft:condition",
              "on_true": {
                "type": "minecraft:empty"
              },
              "on_false": {
                "type": "minecraft:model",
                "model":  "rgt:item/firework_rocket/firework_active_max"
              },
              "property": "minecraft:component",
              "predicate": "minecraft:fireworks",
              "value": {"explosions": {"size": 0}}
            }
          ]
        },
        "property": "minecraft:component",
        "predicate": "minecraft:fireworks",
        "value": {"flight_duration": 3}
      },
      "property": "minecraft:component",
      "predicate": "minecraft:fireworks",
      "value": {"flight_duration": 2}
    },
    "property": "minecraft:component",
    "predicate": "minecraft:fireworks",
    "value": {"flight_duration": 1}
  }
}