{
  "model": {
    "type": "minecraft:select",
    "property": "minecraft:component",
    "component": "minecraft:potion_contents",
    "cases": [
      {
        "when": {"potion":"mundane"},
        "model": {
          "type": "minecraft:model",
          "model": "rgt:item/potion/potions/mundane_potion",
          "tints": [{"type": "minecraft:potion","default": -13083194}]
        }
      }, 
      {
        "when": {"potion":"thick"},
        "model": {
          "type": "minecraft:model",
          "model": "rgt:item/potion/potions/thick_potion",
          "tints": [{"type": "minecraft:potion","default": -13083194}]
          }
      },
      {
        "when": {"potion":"awkward"},
        "model": {
          "type": "minecraft:model",
          "model": "rgt:item/potion/potions/awkward_potion",
          "tints": [{"type": "minecraft:potion","default": -13083194}]
        }
      },
      {
				"when": [
          {"potion":"water"},
          {"potion":"night_vision"},
          {"potion":"invisibility"},
          {"potion":"leaping"},
          {"potion":"fire_resistance"},
          {"potion":"swiftness"},
          {"potion":"slowness"},
          {"potion":"turtle_master"},
          {"potion":"water_breathing"},
          {"potion":"healing"},
          {"potion":"harming"},
          {"potion":"poison"},
          {"potion":"regeneration"},
          {"potion":"strength"},
          {"potion":"weakness"},
          {"potion":"slow_falling"},
          {"potion":"wind_charged"},
          {"potion":"weaving"},
          {"potion":"oozing"}, 
          {"potion":"infested"}
        ],
				"model": {
					"type": "minecraft:model",
					"model": "rgt:item/potion/potions/potion",
					"tints": [{"type": "minecraft:potion","default": -13083194}]
				}
			},
      {
				"when": [
					{"potion":"long_night_vision"},
					{"potion":"long_invisibility"},
					{"potion":"long_leaping"},
					{"potion":"long_fire_resistance"},
					{"potion":"long_swiftness"},
					{"potion":"long_slowness"},
					{"potion":"long_turtle_master"},
					{"potion":"long_water_breathing"},
					{"potion":"long_poison"},
					{"potion":"long_regeneration"},
					{"potion":"long_strength"},
					{"potion":"long_weakness"},
					{"potion":"long_slow_falling"}
				],
				"model": {
					"type":"minecraft:model",
					"model": "rgt:item/potion/potions/long_potion",
					"tints": [{"type": "minecraft:potion","default": -13083194}]
				}
			},
			{
				"when": [
					{"potion":"strong_leaping"},
					{"potion":"strong_swiftness"},
					{"potion":"strong_slowness"},
					{"potion":"strong_turtle_master"},
					{"potion":"strong_healing"},
					{"potion":"strong_harming"},
					{"potion":"strong_poison"},
					{"potion":"strong_regeneration"},
					{"potion":"strong_strength"}
				],
				"model": {
					"type":"minecraft:model",
					"model": "rgt:item/potion/potions/strong_potion",
					"tints": [{"type": "minecraft:potion","default": -13083194}]
				}
			},
      {
        "when": [
          {"potion":"luck"}
        ],
				"model": {
					"type":"minecraft:model",
					"model": "rgt:item/potion/potions/potion_uncraftable",
					"tints": [{"type": "minecraft:potion","default": -13083194}]
				}
      }
    ],
    "fallback": {
      "type": "minecraft:model",
			"model": "rgt:item/potion/potions/potion_uncraftable",
			"tints": [{"type": "minecraft:potion","default": -13083194}]
    }
  }
}