{
	"model": {
		"type": "minecraft:select",
		"property": "minecraft:component",
		"component":"minecraft:custom_name",
		"cases": [
			{
				"when": "Totem of Slashkig",
				"model": {
					"type": "minecraft:model",
					"model": "rgt:item/easter_eggs/totems/totem_of_slashkig"
				}
			},
			{
				"when": "Totem of the Void",
				"model": {
					"type": "minecraft:model",
					"model": "rgt:item/easter_eggs/totems/totem_of_the_void"
				}
			}
		],
		"fallback": {
			"type": "minecraft:model",
			"model": "minecraft:item/totem_of_undying"
		}
	}
}