{
	"model": {
		"type": "minecraft:select",
		"property": "minecraft:component",
		"component":"minecraft:ominous_bottle_amplifier",
		"cases": [
			{
				"when": 0,
				"model": {
					"type": "minecraft:model",
					"model": "rgt:item/potion/ominous_bottle/ominous_bottle_1"
				}
			},
			{
				"when": 1,
				"model": {
					"type": "minecraft:model",
					"model": "rgt:item/potion/ominous_bottle/ominous_bottle_2"
				}
			},
			{
				"when": 2,
				"model": {
					"type": "minecraft:model",
					"model": "rgt:item/potion/ominous_bottle/ominous_bottle_3"
				}
			},
			{
				"when": 3,
				"model": {
					"type": "minecraft:model",
					"model": "rgt:item/potion/ominous_bottle/ominous_bottle_4"
				}
			},
			{
				"when": 4,
				"model": {
					"type": "minecraft:model",
					"model": "rgt:item/potion/ominous_bottle/ominous_bottle_5"
				}
			}

		],
		"fallback": {
			"type": "minecraft:model",
			"model": "minecraft:item/potion/ominous_bottle"
		}
	}
}